Metric,Atelectasis,Cardiomegaly,Consolidation,Edema,Enlarged Cardiomediastinum,Fracture,Lung Lesion,Lung Opacity,No Finding,Pleural Effusion,Pleural Other,Pneumonia,Pneumothorax,Support Devices
AUC,0.7155522657081502,0.7426326653794465,0.6979003139717426,0.8502435728375418,0.5596621621621621,0.6428580191630577,0.47297757635001036,0.6565410477573468,0.7372296900531046,0.8645963598303611,0.5228489516769714,0.6978067235577966,0.7873394495412844,0.7961960784313725,0.696027491172882
